,feed_id,Date,src,count,advertiser,adv_feed_id,Total Searches,Monetized Searches,Clicks,CTR,RPM,Coverage,Revenue
0,50M1-1001(10K),2023-07-18,['fd706'],[1.0],,,,,,,,,
1,50M1-1001(10K),2023-07-19,['fd706'],[1.0],,,,,,,,,
2,50M1-1001(10K),2023-07-20,['fd706'],[1.0],,,,,,,,,
3,50M1-1001(10K),2023-07-21,['fd706'],[1.0],,,,,,,,,
4,50M1-1001(10K),2023-07-22,['fd706'],[1.0],,,,,,,,,
5,50M1-1001(10K),2023-07-23,['fd706'],[1.0],,,,,,,,,
6,50M1-1001(10K),2023-07-24,['fd706'],[1.0],,,,,,,,,
7,AE1,2023-07-02,['feeddesk6'],[1.0],,,,,,,,,
8,AE10-9193(10K),2023-07-11,['feeddesk8a'],[1.0],AE,9193,324.0,300.0,185.0,61.67,121.23,92.59,36.37
9,AE10-9193(10K),2023-07-12,['feeddesk8a'],[1.0],,,,,,,,,
10,AE10-9193(10K),2023-07-13,"['feeddesk8a', 'feeddesk1']","[0.5103128621089223, 0.48968713789107765]",,,,,,,,,
11,AE10-9193(10K),2023-07-14,['feeddesk1'],[1.0],AE,9193,5707.0,4318.0,463.0,10.72,8.75,75.66,37.78
12,AE10-9193(10K),2023-07-15,['feeddesk1'],[1.0],,,,,,,,,
13,AE10-9193(10K),2023-07-16,['feeddesk1'],[1.0],,,,,,,,,
14,AE10-9193(10K),2023-07-17,['feeddesk1'],[1.0],,,,,,,,,
15,AE10-9193(10K),2023-07-18,['feeddesk1'],[1.0],,,,,,,,,
16,AE10-9193(10K),2023-07-19,"['feeddesk1', 'fd902']","[0.7827571019599208, 0.2172428980400793]",,,,,,,,,
17,AE10-9193(10K),2023-07-20,"['feeddesk1', 'fd902']","[0.5232161147149198, 0.47678388528508026]",,,,,,,,,
18,AE10-9193(10K),2023-07-21,['fd902'],[1.0],,,,,,,,,
19,AE10-9193(10K),2023-07-22,['fd902'],[1.0],,,,,,,,,
20,AE10-9193(10K),2023-07-23,['fd902'],[1.0],,,,,,,,,
21,AE10-9193(10K),2023-07-24,['fd902'],[1.0],,,,,,,,,
22,AE11-9269(10K),2023-07-14,['feeddesk1'],[1.0],AE,9269,2508.0,2533.0,51.0,2.01,3.45,101.0,8.74
23,AE11-9269(10K),2023-07-15,['feeddesk1'],[1.0],AE,9269,2552.0,2502.0,54.0,2.16,3.72,98.04,9.31
24,AE11-9269(10K),2023-07-16,['feeddesk1'],[1.0],AE,9269,1037.0,862.0,22.0,2.55,4.27,83.12,3.68
25,AE11-9269(10K),2023-07-17,['feeddesk1'],[1.0],AE,9269,945.0,854.0,28.0,3.28,5.47,90.37,4.67
26,AE11-9269(10K),2023-07-18,['feeddesk1'],[1.0],AE,9269,1570.0,1199.0,47.0,3.92,6.51,76.37,7.81
27,AE11-9269(10K),2023-07-19,"['feeddesk1', 'fd902']","[0.5347959424392545, 0.46520405756074545]",AE,9269,1983.0,1179.0,51.0,4.33,7.24,59.46,8.53
28,AE11-9269(10K),2023-07-20,['fd902'],[1.0],,,,,,,,,
29,AE11-9269(10K),2023-07-21,['fd902'],[1.0],,,,,,,,,
30,AE11-9269(10K),2023-07-22,['fd902'],[1.0],,,,,,,,,
31,AE11-9269(10K),2023-07-23,['fd902'],[1.0],,,,,,,,,
32,AE11-9269(10K),2023-07-24,['fd902'],[1.0],,,,,,,,,
33,AE12-9284(10K),2023-07-18,['feeddesk8a'],[1.0],,,,,,,,,
34,AE12-9284(10K),2023-07-19,['feeddesk8a'],[1.0],,,,,,,,,
35,AE12-9284(10K),2023-07-20,['feeddesk8a'],[1.0],,,,,,,,,
36,AE12-9284(10K),2023-07-21,['feeddesk8a'],[1.0],,,,,,,,,
37,AE12-9284(10K),2023-07-22,['feeddesk8a'],[1.0],,,,,,,,,
38,AE12-9284(10K),2023-07-23,['feeddesk8a'],[1.0],,,,,,,,,
39,AE12-9284(10K),2023-07-24,['feeddesk8a'],[1.0],,,,,,,,,
40,AE13-9372(10K),2023-07-19,['fd301'],[1.0],,,,,,,,,
41,AE13-9372(10K),2023-07-20,['fd901'],[1.0],,,,,,,,,
42,AE13-9372(10K),2023-07-21,"['fd301', 'fd901']","[0.00023110700254217703, 0.9997688929974579]",,,,,,,,,
43,AE13-9372(10K),2023-07-22,['fd901'],[1.0],,,,,,,,,
44,AE13-9372(10K),2023-07-23,['fd901'],[1.0],,,,,,,,,
45,AE14-9413(10K),2023-07-20,['feeddesk1'],[1.0],,,,,,,,,
46,AE14-9413(10K),2023-07-21,['feeddesk1'],[1.0],,,,,,,,,
47,AE14-9413(10K),2023-07-22,['feeddesk1'],[1.0],,,,,,,,,
48,AE14-9413(10K),2023-07-23,['feeddesk1'],[1.0],,,,,,,,,
49,AE14-9413(10K),2023-07-24,['feeddesk1'],[1.0],,,,,,,,,
50,AE15-9408(10K),2023-07-21,['feeddesk1'],[1.0],,,,,,,,,
51,AE15-9408(10K),2023-07-22,['feeddesk1'],[1.0],,,,,,,,,
52,AE15-9408(10K),2023-07-23,['feeddesk1'],[1.0],,,,,,,,,
53,AE15-9408(10K),2023-07-24,['feeddesk1'],[1.0],,,,,,,,,
54,AE2,2023-07-01,['feeddesk1'],[1.0],AE,8639,11330.0,4116.0,315.0,7.65,12.84,36.33,52.85
55,AE2,2023-07-02,['feeddesk1'],[1.0],AE,8639,11008.0,3049.0,268.0,8.79,18.97,27.7,57.83
56,AE2,2023-07-03,['feeddesk1'],[1.0],AE,8639,6077.0,2589.0,289.0,11.16,25.11,42.6,65.0
57,AE2,2023-07-04,['feeddesk1'],[1.0],AE,8639,4063.0,956.0,136.0,14.23,27.66,23.53,26.45
58,AE2,2023-07-05,['feeddesk1'],[1.0],AE,8639,3946.0,1374.0,172.0,12.52,23.55,34.82,32.35
59,AE2,2023-07-06,['feeddesk1'],[1.0],AE,8639,6113.0,2105.0,278.0,13.21,25.75,34.43,54.21
60,AE2,2023-07-07,['feeddesk1'],[1.0],AE,8639,10418.0,3512.0,408.0,11.62,24.98,33.71,87.74
61,AE2,2023-07-08,['feeddesk1'],[1.0],AE,8639,8994.0,3126.0,370.0,11.84,22.69,34.76,70.92
62,AE2,2023-07-09,['feeddesk1'],[1.0],AE,8639,6001.0,1548.0,213.0,13.76,18.62,25.8,28.83
63,AE2,2023-07-10,['feeddesk1'],[1.0],AE,8639,1866.0,448.0,71.0,15.85,25.05,24.01,11.22
64,AE2,2023-07-11,['feeddesk1'],[1.0],AE,8639,4164.0,1364.0,208.0,15.25,22.12,32.76,30.18
65,AE2,2023-07-12,['feeddesk1'],[1.0],AE,8639,2707.0,1179.0,146.0,12.38,29.48,43.55,34.76
66,AE2,2023-07-13,['feeddesk1'],[1.0],AE,8639,6398.0,2359.0,333.0,14.12,29.2,36.87,68.89
67,AE2,2023-07-14,['feeddesk1'],[1.0],AE,8639,3010.0,1504.0,219.0,14.56,21.27,49.97,31.98
68,AE2,2023-07-15,['feeddesk1'],[1.0],AE,8639,2565.0,1048.0,154.0,14.69,19.55,40.86,20.49
69,AE2,2023-07-16,"['fd1201', 'feeddesk1']","[0.0005012531328320802, 0.9994987468671679]",AE,8639,1071.0,460.0,66.0,14.35,19.23,42.95,8.85
70,AE2,2023-07-17,['feeddesk1'],[1.0],AE,8639,921.0,679.0,95.0,13.99,22.49,73.72,15.27
71,AE2,2023-07-18,['feeddesk1'],[1.0],AE,8639,1525.0,1122.0,137.0,12.21,16.3,73.57,18.28
72,AE2,2023-07-19,['feeddesk1'],[1.0],AE,8639,2522.0,1604.0,190.0,11.85,14.1,63.6,22.62
73,AE2,2023-07-20,['feeddesk1'],[1.0],AE,8639,2165.0,2415.0,228.0,9.44,12.65,111.55,30.54
74,AE2,2023-07-21,['feeddesk1'],[1.0],,,,,,,,,
75,AE2,2023-07-22,['feeddesk1'],[1.0],,,,,,,,,
76,AE2,2023-07-23,['feeddesk1'],[1.0],,,,,,,,,
77,AE2,2023-07-24,['feeddesk1'],[1.0],,,,,,,,,
78,AE3,2023-07-01,['feeddesk1'],[1.0],AE,8690,7538.0,3365.0,255.0,7.58,19.11,44.64,64.32
79,AE3,2023-07-02,['feeddesk1'],[1.0],AE,8690,5926.0,2727.0,284.0,10.41,18.72,46.02,51.05
80,AE3,2023-07-03,['feeddesk1'],[1.0],AE,8690,3041.0,1388.0,129.0,9.29,19.18,45.64,26.62
81,AE3,2023-07-04,['feeddesk1'],[1.0],AE,8690,2026.0,853.0,98.0,11.49,17.75,42.1,15.14
82,AE3,2023-07-05,['feeddesk1'],[1.0],AE,8690,2332.0,1072.0,114.0,10.63,15.09,45.97,16.18
83,AE3,2023-07-06,['feeddesk1'],[1.0],AE,8690,6113.0,2580.0,206.0,7.98,13.59,24.93,35.07
84,AE3,2023-07-07,['feeddesk1'],[1.0],AE,8690,10351.0,4496.0,414.0,9.21,16.53,118.91,74.3
85,AE3,2023-07-08,['feeddesk1'],[1.0],AE,8690,8952.0,4141.0,449.0,10.84,15.67,81.53,64.87
86,AE3,2023-07-09,['feeddesk1'],[1.0],AE,8690,5982.0,2923.0,266.0,9.1,15.46,96.85,45.19
87,AE3,2023-07-10,['feeddesk1'],[1.0],AE,8690,1861.0,922.0,91.0,9.87,15.09,37.07,13.92
88,AE3,2023-07-11,['feeddesk1'],[1.0],AE,8690,4177.0,2889.0,281.0,9.73,15.99,73.68,46.21
89,AE3,2023-07-12,['feeddesk1'],[1.0],AE,8690,2689.0,2434.0,249.0,10.23,14.69,40.03,35.76
90,AE3,2023-07-13,['feeddesk1'],[1.0],AE,8690,6412.0,4264.0,450.0,10.55,14.51,32.3,61.87
91,AE3,2023-07-14,['feeddesk1'],[1.0],AE,8690,3031.0,2650.0,222.0,8.38,13.95,19.73,36.97
92,AE3,2023-07-15,['feeddesk1'],[1.0],AE,8690,2624.0,2074.0,234.0,11.28,14.91,23.17,30.93
93,AE3,2023-07-16,"['feeddesk1', 'feeddesk8a']","[0.13779618127444215, 0.8622038187255578]",AE,8690,3295.0,1867.0,117.0,6.27,16.8,67.5,31.36
94,AE3,2023-07-17,['feeddesk8a'],[1.0],AE,8690,7376.0,4592.0,333.0,7.25,15.4,73.85,70.73
95,AE3,2023-07-18,['feeddesk8a'],[1.0],AE,8690,5877.0,3639.0,309.0,8.49,15.21,90.32,55.34
96,AE3,2023-07-19,['feeddesk8a'],[1.0],AE,8690,3786.0,2229.0,198.0,8.88,13.97,23.34,31.13
97,AE3,2023-07-20,['feeddesk8a'],[1.0],AE,8690,3473.0,2063.0,200.0,9.69,16.3,33.27,33.63
98,AE3,2023-07-21,['feeddesk8a'],[1.0],,,,,,,,,
99,AE3,2023-07-22,['feeddesk8a'],[1.0],,,,,,,,,
100,AE3,2023-07-23,['feeddesk8a'],[1.0],,,,,,,,,
101,AE3,2023-07-24,['feeddesk8a'],[1.0],,,,,,,,,
102,AE4,2023-07-01,['feeddesk1'],[1.0],AE,8804,7546.0,4413.0,561.0,12.71,29.12,58.48,128.51
103,AE4,2023-07-02,['feeddesk1'],[1.0],AE,8804,5929.0,2463.0,380.0,15.43,39.61,41.54,97.56
104,AE4,2023-07-03,['feeddesk1'],[1.0],AE,8804,3002.0,1399.0,185.0,13.22,32.15,46.6,44.98
105,AE4,2023-07-04,['feeddesk1'],[1.0],AE,8804,2032.0,639.0,64.0,10.02,41.72,31.45,26.66
106,AE4,2023-07-05,['feeddesk1'],[1.0],AE,8804,2327.0,1225.0,127.0,10.37,34.54,52.64,42.32
107,AE4,2023-07-06,['feeddesk1'],[1.0],AE,8804,6090.0,3860.0,449.0,11.63,31.36,63.38,121.06
108,AE4,2023-07-07,['feeddesk1'],[1.0],AE,8804,13251.0,5882.0,611.0,10.39,25.92,44.39,152.45
109,AE4,2023-07-08,['feeddesk1'],[1.0],AE,8804,13387.0,6213.0,606.0,9.75,22.64,46.41,140.65
110,AE4,2023-07-09,['feeddesk1'],[1.0],AE,8804,8975.0,3854.0,445.0,11.55,28.27,42.94,108.93
111,AE4,2023-07-10,['feeddesk1'],[1.0],AE,8804,2782.0,986.0,128.0,12.98,23.75,35.44,23.42
112,AE4,2023-07-11,['feeddesk1'],[1.0],AE,8804,6297.0,2848.0,335.0,11.76,34.78,45.23,99.06
113,AE4,2023-07-12,['feeddesk1'],[1.0],AE,8804,4085.0,3139.0,397.0,12.65,27.07,76.84,84.97
114,AE4,2023-07-13,['feeddesk1'],[1.0],AE,8804,9654.0,3504.0,461.0,13.16,31.06,36.3,108.84
115,AE4,2023-07-14,['feeddesk1'],[1.0],AE,8804,5540.0,3806.0,435.0,11.43,29.32,68.7,111.58
116,AE4,2023-07-15,['feeddesk1'],[1.0],AE,8804,7726.0,3360.0,465.0,13.84,26.77,43.49,89.96
117,AE4,2023-07-16,['feeddesk1'],[1.0],AE,8804,3178.0,2994.0,317.0,10.59,19.61,94.21,58.72
118,AE4,2023-07-17,['feeddesk1'],[1.0],AE,8804,2815.0,2414.0,307.0,12.72,30.82,85.75,74.39
119,AE4,2023-07-18,['feeddesk1'],[1.0],AE,8804,0.0,2312.0,284.0,12.28,20.86,0.0,48.24
120,AE4,2023-07-19,['feeddesk1'],[1.0],AE,8804,0.0,2395.0,331.0,13.82,26.18,0.0,62.71
121,AE4,2023-07-20,['feeddesk1'],[1.0],AE,8804,0.0,1131.0,99.0,8.75,11.09,0.0,12.54
122,AE4,2023-07-21,['feeddesk1'],[1.0],,,,,,,,,
123,AE4,2023-07-22,['feeddesk1'],[1.0],,,,,,,,,
124,AE4,2023-07-23,['feeddesk1'],[1.0],,,,,,,,,
125,AE4,2023-07-24,['feeddesk1'],[1.0],,,,,,,,,
126,AE5,2023-07-01,['feeddesk1'],[1.0],AE,8961,3781.0,2010.0,285.0,14.18,29.36,53.16,59.01
127,AE5,2023-07-02,['feeddesk1'],[1.0],AE,8961,5079.0,2760.0,405.0,14.67,29.18,54.34,80.55
128,AE5,2023-07-03,['feeddesk1'],[1.0],AE,8961,3018.0,1853.0,401.0,21.64,31.14,61.4,57.69
129,AE5,2023-07-04,['feeddesk1'],[1.0],AE,8961,2487.0,1476.0,216.0,14.63,31.36,59.35,46.28
130,AE5,2023-07-05,['feeddesk1'],[1.0],AE,8961,3921.0,3528.0,594.0,16.84,28.38,89.98,100.11
131,AE5,2023-07-06,['feeddesk1'],[1.0],AE,8961,6080.0,4555.0,625.0,13.72,24.09,74.92,109.73
132,AE5,2023-07-07,['feeddesk1'],[1.0],AE,8961,13202.0,9183.0,1092.0,11.89,23.47,69.56,215.48
133,AE5,2023-07-08,['feeddesk1'],[1.0],AE,8961,13430.0,8267.0,1085.0,13.12,23.82,61.56,196.9
134,AE5,2023-07-09,['feeddesk1'],[1.0],AE,8961,8952.0,7280.0,1072.0,14.73,25.35,81.32,184.58
135,AE5,2023-07-10,['feeddesk1'],[1.0],AE,8961,2766.0,2504.0,616.0,24.6,34.04,90.53,85.24
136,AE5,2023-07-11,['feeddesk1'],[1.0],AE,8961,6218.0,5605.0,1137.0,20.29,34.02,90.14,190.69
137,AE5,2023-07-12,['feeddesk1'],[1.0],AE,8961,4029.0,3359.0,832.0,24.77,50.01,83.37,167.98
138,AE5,2023-07-13,['feeddesk1'],[1.0],AE,8961,9550.0,5381.0,1411.0,26.22,44.77,56.35,240.89
139,AE5,2023-07-14,['feeddesk1'],[1.0],AE,8961,6200.0,5880.0,1176.0,20.0,40.91,94.84,240.53
140,AE5,2023-07-15,['feeddesk1'],[1.0],AE,8961,10474.0,5098.0,1418.0,27.81,55.03,48.67,280.55
141,AE5,2023-07-16,['feeddesk1'],[1.0],AE,8961,4127.0,3587.0,1193.0,33.26,72.98,86.92,261.78
142,AE5,2023-07-17,['feeddesk1'],[1.0],AE,8961,3810.0,3010.0,1241.0,41.23,84.53,79.0,254.44
143,AE5,2023-07-18,['feeddesk1'],[1.0],AE,8961,6307.0,5519.0,1170.0,21.2,48.17,87.51,265.87
144,AE5,2023-07-19,['feeddesk1'],[1.0],AE,8961,5538.0,4254.0,1136.0,26.7,61.37,76.81,261.05
145,AE5,2023-07-20,"['feeddesk1', 'feeddesk9']","[0.9765758903066083, 0.023424109693391735]",,,,,,,,,
146,AE5,2023-07-21,"['feeddesk9', 'feeddesk1']","[0.1537247682293379, 0.8462752317706621]",,,,,,,,,
147,AE5,2023-07-22,"['feeddesk10', 'feeddesk1', 'feeddesk9', 'feeddesk11']","[0.00018134558423502388, 0.854923532611981, 0.14477422474762738, 0.00012089705615668258]",,,,,,,,,
148,AE5,2023-07-23,"['feeddesk11', 'feeddesk1', 'feeddesk9', 'feeddesk10']","[0.0019528789215068666, 0.8580068035781782, 0.1347486455839738, 0.0052916719163411865]",,,,,,,,,
149,AE5,2023-07-24,"['feeddesk10', 'feeddesk1', 'feeddesk11']","[0.007136859781696054, 0.9886649874055415, 0.0041981528127623844]",,,,,,,,,
150,AE6-9013(10K),2023-07-04,['feeddesk9'],[1.0],AE,9013,389.0,117.0,10.0,8.55,5.46,30.08,0.64
151,AE6-9013(10K),2023-07-05,['feeddesk9'],[1.0],AE,9013,2879.0,770.0,75.0,9.74,6.07,26.75,4.67
152,AE6-9013(10K),2023-07-06,['feeddesk9'],[1.0],AE,9013,5585.0,1437.0,131.0,9.12,5.12,25.73,7.36
153,AE6-9013(10K),2023-07-07,['feeddesk9'],[1.0],AE,9013,4307.0,1215.0,105.0,8.64,4.54,28.21,5.51
154,AE6-9013(10K),2023-07-08,['feeddesk9'],[1.0],AE,9013,3588.0,892.0,76.0,8.52,4.37,24.86,3.9
155,AE6-9013(10K),2023-07-09,['feeddesk9'],[1.0],AE,9013,4338.0,1020.0,87.0,8.53,4.64,23.51,4.74
156,AE6-9013(10K),2023-07-10,['feeddesk9'],[1.0],AE,9013,5715.0,779.0,77.0,9.88,5.42,13.63,4.22
157,AE6-9013(10K),2023-07-11,['feeddesk9'],[1.0],AE,9013,5535.0,612.0,67.0,10.95,7.41,11.06,4.54
158,AE6-9013(10K),2023-07-12,['feeddesk9'],[1.0],AE,9013,5703.0,815.0,82.0,10.06,5.53,14.29,4.51
159,AE6-9013(10K),2023-07-13,['feeddesk9'],[1.0],AE,9013,3721.0,622.0,66.0,10.61,6.6,16.72,4.11
160,AE6-9013(10K),2023-07-14,"['feeddesk9', 'feeddesk1']","[0.4530430637215954, 0.5469569362784046]",AE,9013,1963.0,1436.0,164.0,11.42,6.61,73.15,9.49
161,AE6-9013(10K),2023-07-15,['feeddesk1'],[1.0],,,,,,,,,
162,AE6-9013(10K),2023-07-16,['feeddesk1'],[1.0],,,,,,,,,
163,AE6-9013(10K),2023-07-17,['feeddesk1'],[1.0],,,,,,,,,
164,AE6-9013(10K),2023-07-18,['feeddesk1'],[1.0],,,,,,,,,
165,AE6-9013(10K),2023-07-19,['feeddesk1'],[1.0],,,,,,,,,
166,AE6-9013(10K),2023-07-20,['feeddesk1'],[1.0],,,,,,,,,
167,AE6-9013(10K),2023-07-21,['feeddesk1'],[1.0],,,,,,,,,
168,AE6-9013(10K),2023-07-22,['feeddesk1'],[1.0],,,,,,,,,
169,AE6-9013(10K),2023-07-23,['feeddesk1'],[1.0],,,,,,,,,
170,AE6-9013(10K),2023-07-24,['feeddesk1'],[1.0],,,,,,,,,
171,AE7-9055(5K),2023-07-06,['feeddesk8a'],[1.0],,,,,,,,,
172,AE7-9055(5K),2023-07-07,['feeddesk8a'],[1.0],,,,,,,,,
173,AE7-9055(5K),2023-07-08,['feeddesk8a'],[1.0],,,,,,,,,
174,AE7-9055(5K),2023-07-09,['feeddesk8a'],[1.0],,,,,,,,,
175,AE7-9055(5K),2023-07-10,['feeddesk8a'],[1.0],,,,,,,,,
176,AE7-9055(5K),2023-07-11,['feeddesk8a'],[1.0],,,,,,,,,
177,AE7-9055(5K),2023-07-12,['feeddesk8a'],[1.0],,,,,,,,,
178,AE7-9055(5K),2023-07-13,"['feeddesk8a', 'feeddesk1']","[0.5104263206672845, 0.48957367933271545]",,,,,,,,,
179,AE7-9055(5K),2023-07-14,['feeddesk1'],[1.0],,,,,,,,,
180,AE7-9055(5K),2023-07-15,['feeddesk1'],[1.0],,,,,,,,,
181,AE7-9055(5K),2023-07-16,['feeddesk1'],[1.0],,,,,,,,,
182,AE7-9055(5K),2023-07-17,['feeddesk1'],[1.0],,,,,,,,,
183,AE7-9055(5K),2023-07-18,['feeddesk1'],[1.0],,,,,,,,,
184,AE7-9055(5K),2023-07-19,['feeddesk1'],[1.0],,,,,,,,,
185,AE7-9055(5K),2023-07-20,['feeddesk1'],[1.0],,,,,,,,,
186,AE7-9055(5K),2023-07-21,['feeddesk1'],[1.0],,,,,,,,,
187,AE7-9055(5K),2023-07-22,['feeddesk1'],[1.0],,,,,,,,,
188,AE7-9055(5K),2023-07-23,['feeddesk1'],[1.0],,,,,,,,,
189,AE7-9055(5K),2023-07-24,['feeddesk1'],[1.0],,,,,,,,,
190,AE8-9069(100K),2023-07-06,['fd901'],[1.0],,,,,,,,,
191,AE8-9069(100K),2023-07-07,['fd901'],[1.0],,,,,,,,,
192,AE8-9069(100K),2023-07-08,['fd901'],[1.0],AE,9069,4587.0,2161.0,204.0,9.44,5.81,47.11,12.57
193,AE8-9069(100K),2023-07-09,['fd901'],[1.0],AE,9069,5269.0,3642.0,291.0,7.99,6.3,69.12,22.93
194,AE8-9069(100K),2023-07-10,['fd901'],[1.0],,,,,,,,,
195,AE8-9069(100K),2023-07-11,['fd901'],[1.0],,,,,,,,,
196,AE8-9069(100K),2023-07-13,['fd901'],[1.0],,,,,,,,,
197,AE8-9069(100K),2023-07-14,"['fd901', 'feeddesk1']","[0.0006144015728680265, 0.9993855984271319]",,,,,,,,,
198,AE8-9069(100K),2023-07-15,['feeddesk1'],[1.0],,,,,,,,,
199,AE8-9069(100K),2023-07-16,['feeddesk1'],[1.0],,,,,,,,,
200,AE8-9069(100K),2023-07-17,['feeddesk1'],[1.0],,,,,,,,,
201,AE8-9069(100K),2023-07-18,"['fd901', 'feeddesk1']","[0.6261865536989095, 0.3738134463010905]",,,,,,,,,
202,AE8-9069(100K),2023-07-19,"['fd901', 'feeddesk1']","[0.8067130649282002, 0.19328693507179984]",,,,,,,,,
203,AE8-9069(100K),2023-07-20,['fd901'],[1.0],,,,,,,,,
204,AE8-9069(100K),2023-07-21,['fd901'],[1.0],,,,,,,,,
205,AE8-9069(100K),2023-07-22,['fd901'],[1.0],,,,,,,,,
206,AE8-9069(100K),2023-07-23,"['fd901', 'feeddesk1']","[0.7757629367536488, 0.22423706324635118]",,,,,,,,,
207,AE8-9069(100K),2023-07-24,['feeddesk1'],[1.0],,,,,,,,,
208,AE9-9151(10K),2023-07-10,['feeddesk8b'],[1.0],,,,,,,,,
209,AE9-9151(10K),2023-07-11,['feeddesk8b'],[1.0],,,,,,,,,
210,AE9-9151(10K),2023-07-14,['feeddesk1'],[1.0],,,,,,,,,
211,AE9-9151(10K),2023-07-15,['feeddesk1'],[1.0],,,,,,,,,
212,AE9-9151(10K),2023-07-16,['feeddesk1'],[1.0],,,,,,,,,
213,AE9-9151(10K),2023-07-17,['feeddesk1'],[1.0],,,,,,,,,
214,AE9-9151(10K),2023-07-18,"['feeddesk1', 'feeddesk8b']","[0.9995804489196559, 0.0004195510803440319]",,,,,,,,,
215,AE9-9151(10K),2023-07-19,['feeddesk1'],[1.0],,,,,,,,,
216,AE9-9151(10K),2023-07-20,"['feeddesk1', 'feeddesk8b']","[0.6869074036715755, 0.31309259632842446]",,,,,,,,,
217,AE9-9151(10K),2023-07-21,"['feeddesk8b', 'feeddesk1']","[0.44594069662048424, 0.5540593033795157]",,,,,,,,,
218,AE9-9151(10K),2023-07-22,"['feeddesk1', 'feeddesk8b']","[0.5592253772127836, 0.44077462278721635]",,,,,,,,,
219,AE9-9151(10K),2023-07-23,"['feeddesk8b', 'feeddesk1']","[0.5423409860745201, 0.45765901392547986]",,,,,,,,,
220,AE9-9151(10K),2023-07-24,['feeddesk8b'],[1.0],,,,,,,,,
221,Adv-m1,2023-07-01,['mob601'],[1.0],Adv,261,4605.0,2307.0,59.0,2.56,7.156480277416559,50.097719869706836,16.51
222,Adv-m1,2023-07-02,['mob601'],[1.0],Adv,261,4654.0,2333.0,67.0,2.87,11.191598799828546,50.128921357971635,26.11
223,Adv-m1,2023-07-03,['mob601'],[1.0],Adv,261,4691.0,2304.0,58.0,2.52,7.942708333333333,49.11532722234065,18.3
224,Adv-m1,2023-07-04,['mob601'],[1.0],Adv,261,4505.0,2073.0,55.0,2.65,7.525325615050651,46.01553829078801,15.6
225,Adv-m1,2023-07-05,['mob601'],[1.0],Adv,261,4128.0,2110.0,50.0,2.37,9.450236966824646,51.11434108527132,19.94
226,Adv-m1,2023-07-06,['mob601'],[1.0],,,,,,,,,
227,Adv-m1,2023-07-07,['mob601'],[1.0],,,,,,,,,
228,Adv-m1,2023-07-08,['mob601'],[1.0],,,,,,,,,
229,Adv-m1,2023-07-09,['mob601'],[1.0],,,,,,,,,
230,Adv-m1,2023-07-11,['mob601'],[1.0],,,,,,,,,
231,Adv-m1,2023-07-14,['mob601'],[1.0],,,,,,,,,
232,Adv-m1,2023-07-16,['mob601'],[1.0],,,,,,,,,
233,Adv-m1,2023-07-17,['mob601'],[1.0],,,,,,,,,
234,Adv-m1,2023-07-21,['mob601'],[1.0],,,,,,,,,
235,Adv12,2023-07-01,['feeddesk7'],[1.0],,,,,,,,,
236,Adv12,2023-07-02,['feeddesk7'],[1.0],,,,,,,,,
237,Adv12,2023-07-03,['feeddesk7'],[1.0],,,,,,,,,
238,Adv12,2023-07-04,['feeddesk7'],[1.0],,,,,,,,,
239,Adv13,2023-07-01,['feeddesk702'],[1.0],Adv,1042,5795.0,1725.0,189.0,10.96,5.536231884057972,29.767040552200175,9.55
240,Adv13,2023-07-02,['feeddesk702'],[1.0],Adv,1042,8605.0,2575.0,327.0,12.7,5.452427184466019,29.924462521789657,14.04
241,Adv13,2023-07-03,['feeddesk702'],[1.0],Adv,1042,8439.0,2421.0,259.0,10.7,5.419248244527054,28.688233202986137,13.12
242,Adv13,2023-07-04,['feeddesk702'],[1.0],Adv,1042,8093.0,2319.0,295.0,12.72,4.898663216903838,28.654392685036452,11.36
243,Adv13,2023-07-05,['feeddesk702'],[1.0],Adv,1042,1964.0,568.0,73.0,12.85,5.651408450704225,28.920570264765782,3.21
244,Adv14,2023-07-01,['feeddesk8a'],[1.0],Adv,1346,4944.0,4445.0,39.0,0.88,0.7626546681664793,89.90695792880258,3.39
245,Adv14,2023-07-02,['feeddesk8a'],[1.0],Adv,1346,4927.0,3811.0,119.0,3.12,2.09131461558646,77.34929977674041,7.97
246,Adv14,2023-07-03,['feeddesk8a'],[1.0],Adv,1346,4956.0,2383.0,225.0,9.44,5.786823331934536,48.08313155770783,13.79
247,Adv14,2023-07-04,['feeddesk8a'],[1.0],Adv,1346,4951.0,2410.0,227.0,9.42,5.721991701244813,48.67703494243587,13.79
248,Adv15,2023-07-01,['feeddesk702'],[1.0],Adv,1345,5747.0,4421.0,425.0,9.61,6.448767247229134,76.92709239603272,28.51
249,Adv15,2023-07-02,['feeddesk702'],[1.0],Adv,1345,8500.0,6476.0,620.0,9.57,6.877702285361334,76.18823529411765,44.54
250,Adv15,2023-07-03,['feeddesk702'],[1.0],Adv,1345,8388.0,5925.0,579.0,9.77,7.475105485232067,70.63662374821173,44.29
251,Adv15,2023-07-04,['feeddesk702'],[1.0],Adv,1345,8017.0,5219.0,547.0,10.48,7.859743245832536,65.09916427591368,41.02
252,Adv15,2023-07-05,['feeddesk702'],[1.0],Adv,1345,1925.0,1261.0,135.0,10.71,7.88263283108644,65.5064935064935,9.94
253,Adv16,2023-07-01,['feeddesk9'],[1.0],Adv,1217,4725.0,1346.0,106.0,7.88,8.893016344725112,28.486772486772487,11.97
254,Adv16,2023-07-02,['feeddesk9'],[1.0],Adv,1217,5858.0,1609.0,140.0,8.7,10.093225605966438,27.466712188460225,16.24
255,Adv16,2023-07-03,"['feeddesk9', 'feeddesk8b']","[0.7759031725655603, 0.22409682743443976]",Adv,1217,8059.0,2325.0,211.0,9.08,9.182795698924732,28.849733217520786,21.35
256,Adv16,2023-07-04,['feeddesk9'],[1.0],Adv,1217,448.0,60.0,5.0,8.33,9.166666666666666,13.392857142857142,0.55
257,Adv16,2023-07-05,['feeddesk9'],[1.0],Adv,1217,1477.0,329.0,25.0,7.6,9.088145896656536,22.274881516587676,2.99
258,Adv17-1679(10K),2023-07-03,"['feeddesk8b', 'fd703']","[0.17424242424242425, 0.8257575757575758]",Adv,1679,839.0,317.0,20.0,6.31,16.025236593059937,37.783075089392135,5.08
259,Adv17-1679(10K),2023-07-04,['fd703'],[1.0],,,,,,,,,
260,Adv17-1679(10K),2023-07-05,['fd703'],[1.0],,,,,,,,,
261,Adv17-1679(10K),2023-07-07,['fd703'],[1.0],,,,,,,,,
262,Adv18-1673(10K),2023-07-03,['feeddesk8b'],[1.0],Adv,1673,1911.0,732.0,77.0,10.52,10.751366120218579,38.30455259026688,7.87
263,Adv18-1673(10K),2023-07-04,['feeddesk8b'],[1.0],Adv,1673,4678.0,1522.0,159.0,10.45,11.399474375821288,32.53527148353997,17.35
264,Adv18-1673(10K),2023-07-05,['feeddesk8b'],[1.0],Adv,1673,3228.0,1049.0,108.0,10.3,11.353670162059103,32.49690210656753,11.91
265,Adv18-1673(10K),2023-07-06,['feeddesk8b'],[1.0],Adv,1673,4312.0,1951.0,154.0,7.89,6.073808303434136,45.24582560296846,11.85
266,Adv18-1673(10K),2023-07-07,['feeddesk8b'],[1.0],Adv,1673,6153.0,2099.0,156.0,7.43,5.154835636017151,34.113440598082235,10.82
267,Adv18-1673(10K),2023-07-08,['feeddesk8b'],[1.0],Adv,1673,5399.0,1588.0,124.0,7.81,4.389168765743073,29.412854232265236,6.97
268,Adv18-1673(10K),2023-07-09,['feeddesk8b'],[1.0],Adv,1673,4356.0,1463.0,107.0,7.31,3.8277511961722483,33.58585858585859,5.6
269,Adv18-1673(10K),2023-07-10,['feeddesk8b'],[1.0],Adv,1673,3765.0,1167.0,107.0,9.17,5.19280205655527,30.996015936254977,6.06
270,Adv18-1673(10K),2023-07-11,['feeddesk8b'],[1.0],Adv,1673,582.0,121.0,13.0,10.74,7.355371900826447,20.790378006872853,0.89
271,Adv18-1673(10K),2023-07-18,['feeddesk8b'],[1.0],,,,,,,,,
272,Adv18-1673(10K),2023-07-20,['feeddesk8b'],[1.0],,,,,,,,,
273,Adv18-1673(10K),2023-07-21,['feeddesk8b'],[1.0],,,,,,,,,
274,Adv18-1673(10K),2023-07-22,['feeddesk8b'],[1.0],,,,,,,,,
275,Adv18-1673(10K),2023-07-23,['feeddesk8b'],[1.0],,,,,,,,,
276,Adv19-1549(5k),2023-07-03,['feeddesk9'],[1.0],,,,,,,,,
277,Adv19-1549(5k),2023-07-04,['feeddesk9'],[1.0],,,,,,,,,
278,Adv19-1549(5k),2023-07-05,['feeddesk9'],[1.0],,,,,,,,,
279,Adv19-1549(5k),2023-07-06,['feeddesk9'],[1.0],,,,,,,,,
280,Adv19-1549(5k),2023-07-07,['feeddesk9'],[1.0],,,,,,,,,
281,Adv19-1549(5k),2023-07-08,['feeddesk9'],[1.0],,,,,,,,,
282,Adv19-1549(5k),2023-07-09,"['feeddesk9', 'feeddesk41']","[0.8133616118769883, 0.18663838812301167]",,,,,,,,,
283,Adv19-1549(5k),2023-07-10,['feeddesk41'],[1.0],,,,,,,,,
284,Adv19-1549(5k),2023-07-13,['feeddesk41'],[1.0],,,,,,,,,
285,Adv20-1391(10K),2023-07-05,['feeddesk702'],[1.0],Adv,1391,1234.0,45.0,4.0,8.89,17.11111111111111,3.6466774716369525,0.77
286,Adv20-1391(10K),2023-07-06,['feeddesk702'],[1.0],Adv,1391,2785.0,213.0,18.0,8.45,17.84037558685446,7.648114901256732,3.8
287,Adv20-1391(10K),2023-07-07,"['feeddesk702', 'feeddesk9']","[0.8227513227513228, 0.17724867724867724]",Adv,1391,2095.0,167.0,16.0,9.58,17.24550898203593,7.971360381861575,2.88
288,Adv20-1391(10K),2023-07-08,['feeddesk9'],[1.0],Adv,1391,851.0,183.0,15.0,8.2,17.158469945355193,21.504112808460636,3.14
289,Adv20-1391(10K),2023-07-09,"['feeddesk41', 'feeddesk9']","[0.18995633187772926, 0.8100436681222707]",Adv,1391,651.0,15.0,2.0,13.33,17.333333333333332,2.3041474654377883,0.26
290,Adv20-1391(10K),2023-07-10,['feeddesk41'],[1.0],Adv,1391,512.0,24.0,3.0,12.5,29.583333333333332,4.6875,0.71
291,Adv20-1391(10K),2023-07-13,['feeddesk41'],[1.0],,,,,,,,,
292,Adv21-1705(20K),2023-07-05,['feeddesk702'],[1.0],,,,,,,,,
293,Adv21-1705(20K),2023-07-06,['feeddesk702'],[1.0],,,,,,,,,
294,Adv22-1700(10K),2023-07-05,['feeddesk702'],[1.0],Adv,1700,1130.0,836.0,93.0,11.12,2.0454545454545454,73.98230088495575,1.71
295,Adv22-1700(10K),2023-07-06,['feeddesk702'],[1.0],Adv,1700,2669.0,1868.0,222.0,11.88,2.157387580299786,69.98875983514425,4.03
296,Adv22-1700(10K),2023-07-07,"['feeddesk702', 'feeddesk9']","[0.8224381625441696, 0.1775618374558304]",Adv,1700,1998.0,1339.0,170.0,12.7,3.144137415982076,67.01701701701703,4.21
297,Adv22-1700(10K),2023-07-08,['feeddesk9'],[1.0],Adv,1700,591.0,396.0,51.0,12.88,0.025252525252525252,67.00507614213198,0.01
298,Adv22-1700(10K),2023-07-09,"['feeddesk41', 'feeddesk9']","[0.19078947368421054, 0.8092105263157895]",,,,,,,,,
299,Adv22-1700(10K),2023-07-10,['feeddesk41'],[1.0],,,,,,,,,
300,Adv22-1700(10K),2023-07-13,['feeddesk41'],[1.0],,,,,,,,,
301,Adv23-1684(10K),2023-07-06,['feeddesk702'],[1.0],,,,,,,,,
302,Adv23-1684(10K),2023-07-07,"['feeddesk9', 'feeddesk702']","[0.17701863354037267, 0.8229813664596274]",,,,,,,,,
303,Adv23-1684(10K),2023-07-08,['feeddesk9'],[1.0],,,,,,,,,
304,Adv23-1684(10K),2023-07-09,"['feeddesk41', 'feeddesk9']","[0.19116022099447513, 0.8088397790055248]",,,,,,,,,
305,Adv23-1684(10K),2023-07-10,['feeddesk41'],[1.0],,,,,,,,,
306,Adv24-1615(5K),2023-07-06,['fd705'],[1.0],,,,,,,,,
307,Adv24-1615(5K),2023-07-07,"['feeddesk9', 'fd705']","[0.9976905311778291, 0.0023094688221709007]",,,,,,,,,
308,Adv24-1615(5K),2023-07-08,['feeddesk9'],[1.0],,,,,,,,,
309,Adv24-1615(5K),2023-07-09,"['feeddesk9', 'feeddesk41']","[0.8116254036598493, 0.1883745963401507]",,,,,,,,,
310,Adv24-1615(5K),2023-07-10,['feeddesk41'],[1.0],,,,,,,,,
311,Adv24-1615(5K),2023-07-13,['feeddesk41'],[1.0],,,,,,,,,
312,Adv25-1417(10K),2023-07-06,['fd902'],[1.0],,,,,,,,,
313,Adv25-1417(10K),2023-07-07,['fd902'],[1.0],,,,,,,,,
314,Adv25-1417(10K),2023-07-11,['fd902'],[1.0],,,,,,,,,
315,Adv25-1417(10K),2023-07-12,['fd902'],[1.0],,,,,,,,,
316,Adv25-1417(10K),2023-07-18,['fd902'],[1.0],,,,,,,,,
317,Adv25-1417(10K),2023-07-19,['fd902'],[1.0],,,,,,,,,
318,Adv26-1414(10K),2023-07-07,['feeddesk9'],[1.0],,,,,,,,,
319,Adv26-1414(10K),2023-07-08,['feeddesk9'],[1.0],,,,,,,,,
320,Adv26-1414(10K),2023-07-09,"['feeddesk41', 'feeddesk9']","[0.18831168831168832, 0.8116883116883117]",,,,,,,,,
321,Adv26-1414(10K),2023-07-10,['feeddesk41'],[1.0],,,,,,,,,
322,Adv26-1414(10K),2023-07-13,['feeddesk41'],[1.0],,,,,,,,,
323,Adv27-1148(10K),2023-07-12,['fd902'],[1.0],,,,,,,,,
324,Adv27-1148(10K),2023-07-18,['fd902'],[1.0],,,,,,,,,
325,Adv27-1148(10K),2023-07-19,['fd902'],[1.0],,,,,,,,,
326,Adv3,2023-07-01,['feeddesk1'],[1.0],Adv,1179,11331.0,6797.0,1446.0,21.27,14.597616595556863,59.98587944576824,99.22
327,Adv3,2023-07-02,['feeddesk1'],[1.0],Adv,1179,15168.0,9783.0,1953.0,19.96,9.555351119288561,64.49762658227847,93.48
328,Adv3,2023-07-03,['feeddesk1'],[1.0],Adv,1179,9162.0,5286.0,989.0,18.71,11.852062050699962,57.69482645710543,62.65
329,Adv3,2023-07-04,['feeddesk1'],[1.0],Adv,1179,6180.0,3746.0,575.0,15.35,18.120662039508808,60.61488673139158,67.88
330,Adv3,2023-07-05,['feeddesk1'],[1.0],Adv,1179,5694.0,3424.0,385.0,11.24,13.244742990654206,60.13347383210397,45.35
331,Adv3,2023-07-06,['feeddesk1'],[1.0],Adv,1179,6074.0,3619.0,425.0,11.74,13.310306714562033,59.581824168587424,48.17
332,Adv3,2023-07-07,['feeddesk1'],[1.0],Adv,1179,10282.0,5835.0,695.0,11.91,12.531276778063411,56.749659599299754,73.12
333,Adv3,2023-07-08,['feeddesk1'],[1.0],Adv,1179,8895.0,5254.0,699.0,13.3,12.120289303387894,59.06689151208544,63.68
334,Adv3,2023-07-09,['feeddesk1'],[1.0],Adv,1179,5960.0,3553.0,405.0,11.4,6.67604840979454,59.61409395973154,23.72
335,Adv3,2023-07-10,['feeddesk1'],[1.0],Adv,1179,1852.0,1043.0,173.0,16.59,8.954937679769895,56.317494600431964,9.34
336,Adv3,2023-07-11,['feeddesk1'],[1.0],Adv,1179,6799.0,4006.0,608.0,15.18,6.285571642536196,58.920429474922784,25.18
337,Adv3,2023-07-12,['feeddesk1'],[1.0],Adv,1179,5462.0,2957.0,422.0,14.27,7.25059181602976,54.137678506041745,21.44
338,Adv3,2023-07-13,['feeddesk1'],[1.0],Adv,1179,10370.0,6020.0,860.0,14.29,8.13953488372093,58.05207328833173,49.0
339,Adv3,2023-07-14,['feeddesk1'],[1.0],Adv,1179,6801.0,4390.0,613.0,13.96,7.7995444191343966,64.54933098073813,34.24
340,Adv3,2023-07-15,['feeddesk1'],[1.0],Adv,1179,9460.0,5242.0,738.0,14.08,7.518122853872566,55.4122621564482,39.41
341,Adv3,2023-07-16,['feeddesk1'],[1.0],Adv,1179,2575.0,1665.0,208.0,12.49,4.840840840840841,64.66019417475728,8.06
342,Adv3,2023-07-17,['feeddesk1'],[1.0],Adv,1179,2700.0,1656.0,257.0,15.52,9.28743961352657,61.33333333333333,15.38
343,Adv3,2023-07-18,['feeddesk1'],[1.0],Adv,1179,4510.0,2854.0,322.0,11.28,5.585143658023826,63.28159645232816,15.94
344,Adv3,2023-07-19,"['fd707', 'feeddesk1']","[0.0006146281499692685, 0.9993853718500307]",Adv,1179,4612.0,2976.0,439.0,14.75,7.281586021505377,64.52732003469211,21.67
345,Adv3,2023-07-20,['feeddesk1'],[1.0],Adv,1179,4707.0,3014.0,441.0,14.63,7.445255474452555,64.0322923305715,22.44
346,Adv3,2023-07-21,['feeddesk1'],[1.0],Adv,1179,4214.0,2458.0,226.0,9.19,8.157038242473556,58.32937826293308,20.05
347,Adv3,2023-07-22,['feeddesk1'],[1.0],,,,,,,,,
348,Adv3,2023-07-23,['feeddesk1'],[1.0],,,,,,,,,
349,Adv3,2023-07-24,['feeddesk1'],[1.0],,,,,,,,,
350,Adv4,2023-07-01,['feeddesk1'],[1.0],Adv,1037,11279.0,6577.0,1010.0,15.36,15.478181541736355,58.311907083961344,101.8
351,Adv4,2023-07-02,['feeddesk1'],[1.0],Adv,1037,15103.0,9127.0,1504.0,16.48,10.373616741536102,60.431702310799174,94.68
352,Adv4,2023-07-03,['feeddesk1'],[1.0],Adv,1037,9084.0,5746.0,1038.0,18.06,9.986077271145145,63.25407309555262,57.38
353,Adv4,2023-07-04,['feeddesk1'],[1.0],Adv,1037,6125.0,3632.0,509.0,14.01,30.476321585903083,59.29795918367346,110.69
354,Adv4,2023-07-05,['feeddesk1'],[1.0],Adv,1037,5607.0,3222.0,325.0,10.09,13.30850403476102,57.46388443017657,42.88
355,Adv4,2023-07-06,['feeddesk1'],[1.0],Adv,1037,6025.0,3738.0,398.0,10.65,12.386302835741038,62.04149377593361,46.3
356,Adv4,2023-07-07,['feeddesk1'],[1.0],Adv,1037,10259.0,6203.0,673.0,10.85,12.766403353216184,60.46398284433181,79.19
357,Adv4,2023-07-08,['feeddesk1'],[1.0],Adv,1037,8867.0,5534.0,588.0,10.63,9.837368991687748,62.411187549340255,54.44
358,Adv4,2023-07-09,['feeddesk1'],[1.0],Adv,1037,5942.0,3859.0,499.0,12.93,7.55377040684115,64.94446314372266,29.15
359,Adv4,2023-07-10,['feeddesk1'],[1.0],Adv,1037,1848.0,1122.0,121.0,10.78,8.351158645276291,60.71428571428571,9.37
360,Adv4,2023-07-11,['feeddesk1'],[1.0],Adv,1037,6782.0,3974.0,355.0,8.93,5.840463009562154,58.59628428192274,23.21
361,Adv4,2023-07-12,['feeddesk1'],[1.0],Adv,1037,5464.0,3321.0,378.0,11.38,6.898524540800963,60.7796486090776,22.91
362,Adv4,2023-07-13,['feeddesk1'],[1.0],Adv,1037,10372.0,6174.0,719.0,11.65,7.505668934240363,59.52564596991902,46.34
363,Adv4,2023-07-14,['feeddesk1'],[1.0],Adv,1037,6794.0,4244.0,489.0,11.52,6.885014137606031,62.46688254342067,29.22
364,Adv4,2023-07-15,['feeddesk1'],[1.0],Adv,1037,9399.0,5159.0,586.0,11.36,6.978096530335336,54.88881795935738,36.0
365,Adv4,2023-07-16,['feeddesk1'],[1.0],Adv,1037,2572.0,1595.0,231.0,14.48,6.739811912225705,62.01399688958009,10.75
366,Adv4,2023-07-17,['feeddesk1'],[1.0],Adv,1037,2695.0,1724.0,183.0,10.61,7.87122969837587,63.970315398886825,13.57
367,Adv4,2023-07-18,['feeddesk1'],[1.0],Adv,1037,4523.0,2741.0,325.0,11.86,7.741700109449106,60.60137077161176,21.22
368,Adv4,2023-07-19,['feeddesk1'],[1.0],Adv,1037,4611.0,2711.0,292.0,10.77,7.49538915529325,58.7941878117545,20.32
369,Adv4,2023-07-20,['feeddesk1'],[1.0],Adv,1037,4799.0,2761.0,298.0,10.79,8.116624411445128,57.53281933736195,22.41
370,Adv4,2023-07-21,['feeddesk1'],[1.0],Adv,1037,4209.0,2536.0,246.0,9.7,8.115141955835961,60.25184129246852,20.58
371,Adv4,2023-07-22,['feeddesk1'],[1.0],,,,,,,,,
372,Adv4,2023-07-23,['feeddesk1'],[1.0],,,,,,,,,
373,Adv4,2023-07-24,['feeddesk1'],[1.0],,,,,,,,,
374,Adv6,2023-07-01,['feeddesk8a'],[1.0],Adv,402,4913.0,2758.0,288.0,10.44,9.47063089195069,56.13677997150417,26.12
375,Adv6,2023-07-02,['feeddesk8a'],[1.0],Adv,402,4917.0,2782.0,192.0,6.9,9.180445722501798,56.57921496847671,25.54
376,Adv6,2023-07-03,['feeddesk8a'],[1.0],Adv,402,4905.0,2832.0,258.0,9.11,8.912429378531073,57.73700305810397,25.24
377,Adv6,2023-07-04,['feeddesk8a'],[1.0],Adv,402,4915.0,2809.0,232.0,8.26,8.202207191171235,57.15157680569685,23.04
378,Adv6,2023-07-05,['feeddesk8a'],[1.0],Adv,402,9851.0,5747.0,448.0,7.8,9.914738124238733,58.3392548979799,56.98
379,Adv6,2023-07-06,['feeddesk8a'],[1.0],Adv,402,6565.0,3626.0,385.0,10.62,7.357970215113072,55.23229246001523,26.68
380,Adv6,2023-07-07,['feeddesk8a'],[1.0],Adv,402,6563.0,3983.0,280.0,7.03,8.400702987697715,60.688709431662346,33.46
381,Adv6,2023-07-08,['feeddesk8a'],[1.0],Adv,402,6554.0,3574.0,277.0,7.75,8.942361499720201,54.531583765639304,31.96
382,Adv6,2023-07-09,['feeddesk8a'],[1.0],Adv,402,6571.0,3654.0,257.0,7.03,8.29775588396278,55.6079744331152,30.32
383,Adv6,2023-07-10,['feeddesk8a'],[1.0],Adv,402,6546.0,3696.0,317.0,8.58,7.229437229437229,56.461961503208066,26.72
384,Adv6,2023-07-11,['feeddesk8a'],[1.0],Adv,402,6877.0,4060.0,298.0,7.34,7.098522167487685,59.03737094663371,28.82
385,Adv6,2023-07-12,['feeddesk8a'],[1.0],Adv,402,4057.0,2290.0,124.0,5.41,9.532751091703055,56.445649494700525,21.83
386,Adv6,2023-07-13,['feeddesk8a'],[1.0],Adv,402,2142.0,1123.0,57.0,5.08,13.926981300089047,52.427637721755374,15.64
387,Adv6,2023-07-14,['feeddesk8a'],[1.0],Adv,402,9789.0,5896.0,416.0,7.06,17.513568521031207,60.23087138624987,103.26
388,Adv6,2023-07-15,['feeddesk8a'],[1.0],Adv,402,9902.0,6255.0,501.0,8.01,18.50199840127898,63.169056756210864,115.73
389,Adv6,2023-07-16,['feeddesk8a'],[1.0],Adv,402,14503.0,8133.0,620.0,7.62,16.751506209270875,56.07805281665862,136.24
390,Adv6,2023-07-17,['feeddesk8a'],[1.0],Adv,402,9605.0,3666.0,273.0,7.45,28.53246044735406,38.16762103071317,104.6
391,Adv6,2023-07-18,['feeddesk8a'],[1.0],Adv,402,10860.0,6476.0,596.0,9.2,23.760037059913525,59.6316758747698,153.87
392,Adv6,2023-07-19,['feeddesk8a'],[1.0],Adv,402,12144.0,5107.0,468.0,9.16,32.40062659095359,42.05368906455863,165.47
393,Adv6,2023-07-20,['feeddesk8a'],[1.0],,,,,,,,,
394,Adv6,2023-07-21,['feeddesk8a'],[1.0],,,,,,,,,
395,Adv6,2023-07-22,['feeddesk8a'],[1.0],,,,,,,,,
396,Adv6,2023-07-23,['feeddesk8a'],[1.0],,,,,,,,,
397,Adv6,2023-07-24,['feeddesk8a'],[1.0],,,,,,,,,
398,Dol1-30(5k),2023-07-19,['feeddesk1'],[1.0],,,,,,,,,
399,Dol1-30(5k),2023-07-20,['feeddesk1'],[1.0],,,,,,,,,
400,Dol1-30(5k),2023-07-21,['feeddesk1'],[1.0],,,,,,,,,
401,Dol1-30(5k),2023-07-22,['feeddesk1'],[1.0],,,,,,,,,
402,Dol1-30(5k),2023-07-23,['feeddesk1'],[1.0],,,,,,,,,
403,Dol1-30(5k),2023-07-24,['feeddesk1'],[1.0],,,,,,,,,
404,Dol2-34(3k),2023-07-20,['feeddesk1'],[1.0],,,,,,,,,
405,Dol2-34(3k),2023-07-21,['feeddesk1'],[1.0],,,,,,,,,
406,Dol2-34(3k),2023-07-22,['feeddesk1'],[1.0],,,,,,,,,
407,Dol2-34(3k),2023-07-23,['feeddesk1'],[1.0],,,,,,,,,
408,Dol2-34(3k),2023-07-24,['feeddesk1'],[1.0],,,,,,,,,
409,ET1,2023-07-01,['feeddesk9'],[1.0],ET,1000,2975.0,7220.0,869.0,12.03601108033241,35.51939058171745,242.6890756302521,256.45
410,ET1,2023-07-02,['feeddesk9'],[1.0],ET,1000,1744.0,5257.0,672.0,12.78295605858855,37.59939128780673,301.4334862385321,197.66
411,ET1,2023-07-09,['feeddesk9'],[1.0],ET,1000,1654.0,504.0,38.0,7.5396825396825395,3.4325396825396823,30.471584038694076,1.73
412,ET1,2023-07-10,['feeddesk9'],[1.0],ET,1000,4322.0,1138.0,89.0,7.820738137082602,3.181019332161687,26.330402591392875,3.62
413,ET1,2023-07-11,['feeddesk9'],[1.0],ET,1000,4174.0,1107.0,84.0,7.588075880758807,3.4688346883468837,26.52132247244849,3.84
414,ET1,2023-07-12,['feeddesk9'],[1.0],ET,1000,4472.0,1662.0,142.0,8.543922984356197,3.8387484957882068,37.16457960644007,6.38
415,ET1,2023-07-13,['feeddesk9'],[1.0],ET,1000,2952.0,844.0,71.0,8.412322274881516,6.741706161137441,28.59078590785908,5.69
416,ET1,2023-07-14,['feeddesk9'],[1.0],ETET,2000,7456.0,1596.0,142.0,17.794486215538846,26.265664160401002,42.81115879828326,20.96
417,ET1,2023-07-15,['feeddesk9'],[1.0],ETET,2000,11850.0,2508.0,222.0,17.703349282296653,26.251993620414677,42.32911392405063,32.92
418,ET1,2023-07-16,['feeddesk9'],[1.0],ETET,2000,11382.0,2386.0,212.0,17.77032690695725,38.591785414920366,41.92584782990687,46.04
419,ET1,2023-07-17,['feeddesk9'],[1.0],ETET,2000,12676.0,3184.0,284.0,17.839195979899497,17.022613065326635,50.2366677185232,27.1
420,ET1,2023-07-18,['feeddesk9'],[1.0],ET,1000,5727.0,3651.0,253.0,6.929608326485895,6.88030676526979,63.75065479308538,25.12
421,ET1,2023-07-19,['feeddesk9'],[1.0],,,,,,,,,
422,ET1,2023-07-20,['feeddesk9'],[1.0],,,,,,,,,
423,ET1,2023-07-21,['feeddesk9'],[1.0],,,,,,,,,
424,ET1,2023-07-22,['feeddesk9'],[1.0],,,,,,,,,
425,ET1,2023-07-23,['feeddesk9'],[1.0],,,,,,,,,
426,ET1,2023-07-24,['feeddesk9'],[1.0],,,,,,,,,
427,ET2(10K),2023-07-02,['feeddesk1'],[1.0],ET,1001,4060.0,2281.0,227.0,9.951775537045156,11.893906181499343,56.18226600985222,27.13
428,ET2(10K),2023-07-03,['feeddesk1'],[1.0],ET,1001,3015.0,1700.0,196.0,11.529411764705882,16.13529411764706,56.38474295190713,27.43
429,ET2(10K),2023-07-04,['feeddesk1'],[1.0],ETET,2002,2038.0,1344.0,134.0,25.0016748174449,155.2528974341797,102.2821665596232,22.7
430,ET2(10K),2023-07-05,['feeddesk1'],[1.0],ET,1001,1966.0,1299.0,118.0,9.083910700538876,11.801385681293302,66.07324516785351,15.33
431,ET2(10K),2023-07-06,['feeddesk1'],[1.0],ETET,2002,3015.0,1835.0,174.0,42.69806498722161,196.63441645369355,110.9275942609276,21.9
432,ET2(10K),2023-07-07,['feeddesk1'],[1.0],ET,1001,5165.0,2665.0,255.0,9.568480300187618,12.412757973733584,51.597289448209104,33.08
433,ET2(10K),2023-07-08,['feeddesk1'],[1.0],ET,1001,4450.0,2475.0,237.0,9.575757575757576,9.85050505050505,55.61797752808989,24.38
434,ET2(10K),2023-07-09,['feeddesk1'],[1.0],ET,1001,993.0,544.0,54.0,9.926470588235293,10.386029411764707,54.78348439073515,5.65
435,ET3(10K),2023-07-02,['feeddesk41'],[1.0],ET,1002,1363.0,1253.0,25.0,1.9952114924181963,3.320031923383879,91.92956713132794,4.16
436,ET3(10K),2023-07-03,['feeddesk41'],[1.0],ET,1002,4079.0,3763.0,79.0,2.099388785543449,3.688546372575073,92.25300318705565,13.88
437,ET3(10K),2023-07-04,['feeddesk41'],[1.0],ET,1002,4393.0,4033.0,69.0,1.7108851971237293,3.0622365484750804,91.80514454814478,12.35
438,ET3(10K),2023-07-05,['feeddesk41'],[1.0],ET,1002,3936.0,3614.0,68.0,1.8815716657443278,3.6995019369120086,91.81910569105692,13.37
439,ET3(10K),2023-07-06,['feeddesk41'],[1.0],ET,1002,4468.0,3725.0,52.0,1.395973154362416,2.7194630872483225,83.37063563115488,10.13
440,ET3(10K),2023-07-07,['feeddesk41'],[1.0],ET,1002,3830.0,2949.0,43.0,1.4581213970837572,2.7399118345201763,76.99738903394255,8.08
441,ET3(10K),2023-07-08,['feeddesk41'],[1.0],ET,1002,4095.0,3118.0,38.0,1.2187299550994226,2.4406670942912125,76.14163614163614,7.61
442,ET3(10K),2023-07-09,['feeddesk41'],[1.0],ET,1002,2731.0,2492.0,25.0,1.0032102728731942,1.3643659711075442,91.24862687660197,3.4
443,Fin2,2023-07-01,['feeddesk701'],[1.0],Fin,1231 ,10456.0,4135.0,399.0,9.649334945586457,17.60580411124546,39.54667176740627,72.8
444,Fin2,2023-07-02,['feeddesk701'],[1.0],Fin,1231 ,10470.0,4247.0,438.0,10.313162232163881,17.965622792559454,40.563514804202484,76.3
445,Fin2,2023-07-03,['feeddesk701'],[1.0],Fin,1231 ,10734.0,4315.0,428.0,9.918887601390498,18.331402085747392,40.19936649897522,79.1
446,Fin2,2023-07-04,"['feeddesk701', 'feeddesk702']","[0.9542215888849306, 0.045778411115069466]",Fin,1231 ,11071.0,3684.0,376.0,10.206297502714442,16.530944625407166,33.276126817812305,60.9
447,Fin2,2023-07-05,"['feeddesk702', 'feeddesk701']","[0.21721311475409835, 0.7827868852459017]",Fin,1231 ,13461.0,4311.0,441.0,10.22964509394572,17.698909765715612,32.02585246266993,76.3
448,Fin2,2023-07-06,['feeddesk701'],[1.0],Fin,1231 ,10680.0,3813.0,373.0,9.78232362968791,17.073170731707314,35.70224719101124,65.1
449,Fin2,2023-07-07,['feeddesk701'],[1.0],Fin,1231 ,10207.0,4716.0,461.0,9.775233248515692,17.663273960983883,46.2035857744685,83.3
450,Fin2,2023-07-08,['feeddesk701'],[1.0],Fin,1231 ,10580.0,4674.0,459.0,9.82028241335045,17.821994009413775,44.177693761814744,83.3
451,Fin2,2023-07-09,"['feeddesk701', 'fd704', 'feeddesk7']","[0.6421742529012086, 0.11244062293307679, 0.24538512416571462]",Fin,1231 ,16374.0,5107.0,528.0,10.338750734286274,18.641080869394948,31.189690973494567,95.2
452,Fin2,2023-07-10,"['feeddesk7', 'fd704', 'feeddesk701']","[0.035728065437147925, 0.15371556447256732, 0.8105563700902847]",Fin,1231 ,12785.0,6019.0,603.0,10.018275461040039,18.724040538295398,47.07860774344935,112.7
453,Fin2,2023-07-11,"['feeddesk7', 'feeddesk701']","[0.027754648903691368, 0.9722453510963086]",Fin,1231 ,10654.0,5649.0,584.0,10.338112940343423,19.578686493184634,53.022339027595265,110.6
454,Fin2,2023-07-12,"['feeddesk7', 'feeddesk701']","[0.31944261864072565, 0.6805573813592743]",Fin,1231 ,14962.0,7516.0,745.0,9.91218733368813,19.18573709419904,50.23392594572918,144.2
455,Fin2,2023-07-13,"['feeddesk701', 'feeddesk7']","[0.6841015018125324, 0.3158984981874676]",Fin,1231 ,15172.0,7020.0,721.0,10.270655270655272,18.34757834757835,46.269443712101236,128.8
456,Fin2,2023-07-14,"['feeddesk701', 'feeddesk7']","[0.6627802068151849, 0.33721979318481504]",Fin,1231 ,14163.0,4654.0,443.0,9.518693596905887,19.703480876665235,32.8602697168679,91.7
457,Fin2,2023-07-15,['feeddesk701'],[1.0],Fin,1231 ,10521.0,3464.0,346.0,9.988452655889144,21.016166281755194,32.924626936602984,72.8
458,Fin2,2023-07-16,['feeddesk701'],[1.0],Fin,1231 ,10488.0,3899.0,390.0,10.002564760194922,22.08258527827648,37.17581998474447,86.1
459,Fin2,2023-07-17,['feeddesk701'],[1.0],Fin,1231 ,10403.0,3619.0,350.0,9.671179883945841,20.11605415860735,34.78804191098722,72.8
460,Fin2,2023-07-18,['feeddesk701'],[1.0],Fin,1231 ,10456.0,4247.0,428.0,10.077701907228633,22.580645161290324,40.61782708492731,95.9
461,Fin2,2023-07-19,['feeddesk701'],[1.0],Fin,1231 ,10403.0,4358.0,447.0,10.25699862322166,23.290500229463056,41.891761991733155,101.5
462,Fin2,2023-07-20,['feeddesk701'],[1.0],Fin,1231 ,10610.0,5089.0,526.0,10.336018864216937,23.796423658872076,47.96418473138549,121.1
463,Fin2,2023-07-21,['feeddesk701'],[1.0],Fin,1231 ,10621.0,0.0,0.0,0.0,0.0,0.0,0.0
464,Fin2,2023-07-22,['feeddesk701'],[1.0],Fin,1231 ,10446.0,0.0,0.0,0.0,0.0,0.0,0.0
465,Fin2,2023-07-23,['feeddesk701'],[1.0],,,,,,,,,
466,Fin2,2023-07-24,['feeddesk701'],[1.0],,,,,,,,,
467,Fin3,2023-07-01,['feeddesk7'],[1.0],Fin,1264 ,3258.0,1957.0,203.0,10.37301992846193,28.97291773122126,60.06752608962553,56.7
468,Fin3,2023-07-02,"['feeddesk7', 'fd704']","[0.9997238331952499, 0.00027616680475006904]",Fin,1264 ,3573.0,2021.0,204.0,10.094012864918357,28.055418109846613,56.56311223061853,56.7
469,Fin3,2023-07-03,"['fd704', 'feeddesk7']","[0.5212005717008099, 0.4787994282991901]",Fin,1264 ,10339.0,4289.0,412.0,9.60596875728608,27.25577057589182,41.48370248573363,116.9
470,Fin3,2023-07-04,"['feeddesk7', 'fd704']","[0.25829646017699115, 0.7417035398230089]",Fin,1264 ,19539.0,6349.0,637.0,10.033076074972437,23.373759647188532,32.493986386201954,148.4
471,Fin3,2023-07-05,['feeddesk7'],[1.0],Fin,1264 ,19876.0,7142.0,733.0,10.263231587790536,26.561187342481094,35.932783256188365,189.7
472,Fin3,2023-07-06,"['feeddesk7', 'fd704']","[0.08256403588610063, 0.9174359641138994]",Fin,1264 ,7547.0,503.0,52.0,10.337972166998012,5.566600397614313,6.664899960249106,2.8
473,Fin3,2023-07-07,"['feeddesk702', 'feeddesk7', 'fd704', 'fd703']","[0.20690085480751233, 0.02826480314469333, 0.7643351843763648, 0.0004991576714294628]",Fin,1264 ,15736.0,3740.0,379.0,10.133689839572192,13.475935828877004,23.76715810879512,50.4
474,Fin3,2023-07-08,"['feeddesk7', 'feeddesk702']","[0.47276912528161424, 0.5272308747183857]",Fin,1264 ,20050.0,2253.0,217.0,9.631602308033733,12.738570794496226,11.236907730673316,28.7
475,Fin3,2023-07-09,"['feeddesk7', 'feeddesk702', 'fd703']","[0.372756888079068, 0.6271878968582629, 5.521506266909613e-05]",Fin,1264 ,17830.0,2726.0,261.0,9.574468085106384,17.461482024944974,15.288839035333707,47.6
476,Fin3,2023-07-10,"['feeddesk7', 'fd703', 'feeddesk702']","[0.04035147585736223, 0.00017061934823408976, 0.9594779047944036]",Fin,1264 ,11567.0,1500.0,146.0,9.733333333333333,18.2,12.967925996368981,27.3
477,Fin3,2023-07-11,"['feeddesk7', 'feeddesk702', 'fd703']","[0.03015601217656012, 0.9697488584474886, 9.512937595129375e-05]",Fin,1264 ,10369.0,2604.0,272.0,10.44546850998464,17.741935483870968,25.113318545664963,46.2
478,Fin3,2023-07-12,"['feeddesk702', 'feeddesk7']","[0.6625303292894281, 0.33746967071057193]",Fin,1264 ,14187.0,3327.0,344.0,10.339645326119626,15.359182446648632,23.451046732924507,51.1
479,Fin3,2023-07-13,"['feeddesk7', 'feeddesk702', 'fd703']","[0.2987275174354582, 0.618010522451976, 0.08326196011256577]",Fin,1264 ,16094.0,6246.0,640.0,10.246557796990073,13.67275056035863,38.809494221448986,85.4
480,Fin3,2023-07-14,"['feeddesk7', 'fd703', 'feeddesk702']","[0.28720765414599575, 0.21361918261280416, 0.4991731632412001]",Fin,1264 ,16644.0,3571.0,368.0,10.305236628395408,14.701764211705404,21.455179043499157,52.5
481,Fin3,2023-07-15,"['feeddesk702', 'feeddesk7', 'fd703']","[0.699862258953168, 0.0001377410468319559, 0.3]",Fin,1264 ,14337.0,3387.0,322.0,9.506938293475052,4.753469146737526,23.624189160912326,16.1
482,Fin3,2023-07-16,"['fd703', 'feeddesk702', 'feeddesk7']","[0.27463556851311954, 0.7252186588921283, 0.0001457725947521866]",Fin,1264 ,13530.0,3390.0,352.0,10.383480825958703,7.227138643067846,25.055432372505543,24.5
483,Fin3,2023-07-17,"['feeddesk7', 'feeddesk702']","[9.948269001193792e-05, 0.9999005173099881]",Fin,1264 ,9867.0,3291.0,343.0,10.422364023093285,8.50805226374962,33.35360291882031,28.0
484,Fin3,2023-07-18,"['feeddesk702', 'feeddesk7']","[0.9996961717642293, 0.00030382823577071097]",Fin,1264 ,9707.0,3241.0,329.0,10.151187904967603,8.423326133909288,33.38827650149377,27.3
485,Fin3,2023-07-19,"['feeddesk7', 'feeddesk702']","[0.00010417751849150954, 0.9998958224815085]",Fin,1264 ,9398.0,3143.0,300.0,9.54502068087814,8.017817371937639,33.44328580549053,25.2
486,Fin3,2023-07-20,['feeddesk702'],[1.0],Fin,1264 ,10184.0,3344.0,338.0,10.107655502392344,8.582535885167465,32.83582089552239,28.7
487,Fin3,2023-07-21,['feeddesk702'],[1.0],Fin,1264 ,10346.0,0.0,0.0,0.0,0.0,0.0,0.0
488,Fin3,2023-07-22,['feeddesk702'],[1.0],Fin,1264 ,8524.0,0.0,0.0,0.0,0.0,0.0,0.0
489,Fin3,2023-07-23,['feeddesk702'],[1.0],,,,,,,,,
490,Fin3,2023-07-24,['feeddesk702'],[1.0],,,,,,,,,
491,Fin4(20K),2023-07-04,['fd704'],[1.0],Fin,1225 ,3332.0,583.0,58.0,9.948542024013722,2.401372212692967,17.496998799519808,1.4
492,Fin4(20K),2023-07-05,['fd704'],[1.0],Fin,1225 ,20158.0,4777.0,492.0,10.299351057148838,2.491103202846975,23.69778747891656,11.9
493,Fin4(20K),2023-07-06,['fd704'],[1.0],Fin,1225 ,13275.0,2650.0,266.0,10.037735849056602,2.3773584905660377,19.962335216572505,6.3
494,Fin4(20K),2023-07-07,['fd704'],[1.0],Fin,1225 ,8191.0,761.0,76.0,9.986859395532194,2.759526938239159,9.290684898058844,2.1
495,Fin4(20K),2023-07-08,['fd704'],[1.0],Fin,1225 ,20298.0,2012.0,197.0,9.791252485089464,4.8707753479125255,9.912306631195191,9.8
496,Fin4(20K),2023-07-09,['fd704'],[1.0],Fin,1225 ,15461.0,2814.0,284.0,10.092395167022032,13.059701492537313,18.20063385292025,36.75
497,Fin4(20K),2023-07-10,['fd704'],[1.0],Fin,1225 ,8240.0,3030.0,307.0,10.132013201320133,16.996699669966997,36.771844660194176,51.5
498,Fin4(20K),2023-07-11,['fd704'],[1.0],Fin,1225 ,9710.0,3937.0,393.0,9.982219964439928,18.021336042672086,40.54582904222451,70.95
499,Fin4(20K),2023-07-12,['fd704'],[1.0],Fin,1225 ,5430.0,2002.0,208.0,10.38961038961039,17.032967032967036,36.86924493554328,34.1
500,Fin4(20K),2023-07-13,['fd704'],[1.0],,,,,,,,,
501,Fin4(20K),2023-07-14,['fd704'],[1.0],,,,,,,,,
502,Fin4(20K),2023-07-16,['fd703'],[1.0],Fin,1225 ,514.0,215.0,21.0,9.767441860465116,17.906976744186046,41.82879377431907,3.85
503,Fin4(20K),2023-07-17,"['fd704', 'fd703']","[0.002689204763734153, 0.9973107952362659]",Fin,1225 ,2564.0,896.0,89.0,9.933035714285714,17.968750000000004,34.945397815912635,16.1
504,Fin4(20K),2023-07-18,['fd703'],[1.0],Fin,1225 ,2682.0,1237.0,118.0,9.539207760711399,18.108326596604687,46.122296793437734,22.4
505,Fin4(20K),2023-07-19,['fd703'],[1.0],Fin,1225 ,4263.0,1326.0,136.0,10.256410256410255,18.47662141779789,31.104855735397607,24.5
506,Fin4(20K),2023-07-20,['fd703'],[1.0],Fin,1225 ,4391.0,1491.0,153.0,10.261569416498995,18.779342723004696,33.95581872010931,28.0
507,Fin4(20K),2023-07-21,['fd703'],[1.0],Fin,1225 ,4447.0,0.0,0.0,0.0,0.0,0.0,0.0
508,Fin4(20K),2023-07-22,['fd703'],[1.0],Fin,1225 ,4527.0,0.0,0.0,0.0,0.0,0.0,0.0
509,Fin4(20K),2023-07-23,['fd703'],[1.0],,,,,,,,,
510,Fin4(20K),2023-07-24,['fd703'],[1.0],,,,,,,,,
511,Fin5-1278(10k),2023-07-14,"['fd705', 'feeddesk6']","[0.9166666666666666, 0.08333333333333333]",,,,,,,,,
512,Fin5-1278(10k),2023-07-17,"['fd705', 'fd703']","[0.592617908407382, 0.4073820915926179]",,,,,,,,,
513,Fin5-1278(10k),2023-07-18,"['fd703', 'fd705']","[0.17520816230796293, 0.824791837692037]",,,,,,,,,
514,Fin5-1278(10k),2023-07-19,['fd705'],[1.0],,,,,,,,,
515,Fin5-1278(10k),2023-07-20,['fd705'],[1.0],,,,,,,,,
516,Fin5-1278(10k),2023-07-21,['fd705'],[1.0],,,,,,,,,
517,Fin5-1278(10k),2023-07-22,['fd705'],[1.0],,,,,,,,,
518,Fin5-1278(10k),2023-07-23,['fd705'],[1.0],,,,,,,,,
519,Fin5-1278(10k),2023-07-24,['fd705'],[1.0],,,,,,,,,
520,Fin5-1278(2k),2023-07-08,['feeddesk8b'],[1.0],Fin,1278 ,607.0,0.0,0.0,0.0,0.0,0.0,0.0
521,Fin5-1278(2k),2023-07-09,['feeddesk8b'],[1.0],Fin,1278 ,2193.0,0.0,0.0,0.0,0.0,0.0,0.0
522,Fin5-1278(2k),2023-07-10,['feeddesk8b'],[1.0],Fin,1278 ,2174.0,0.0,0.0,0.0,0.0,0.0,0.0
523,Fin5-1278(2k),2023-07-11,['feeddesk8b'],[1.0],Fin,1278 ,1153.0,0.0,0.0,0.0,0.0,0.0,0.0
524,HU1,2023-07-01,['feeddesk7'],[1.0],,,,,,,,,
525,HU1,2023-07-02,['feeddesk7'],[1.0],,,,,,,,,
526,Haw1(5k),2023-07-04,['feeddesk702'],[1.0],,,,,,,,,
527,Haw1(5k),2023-07-05,['feeddesk702'],[1.0],,,,,,,,,
528,Haw1(5k),2023-07-06,['feeddesk702'],[1.0],,,,,,,,,
529,Haw1(5k),2023-07-07,['feeddesk702'],[1.0],,,,,,,,,
530,Haw1(5k),2023-07-08,['feeddesk702'],[1.0],,,,,,,,,
531,Ric11,2023-07-01,['feeddesk41'],[1.0],Ric,1956,3968.0,69.0,0.0,0.0,13.391304347826088,1.7389112903225805,0.924
532,Ric11,2023-07-02,['feeddesk41'],[1.0],Ric,1956,2464.0,43.0,0.0,0.0,13.41860465116279,1.74512987012987,0.577
533,Ric4,2023-07-01,['feeddesk5'],[1.0],,,,,,,,,
534,Ric4,2023-07-02,['feeddesk5'],[1.0],,,,,,,,,
535,Ric4,2023-07-03,['feeddesk5'],[1.0],,,,,,,,,
536,Ric4,2023-07-04,['feeddesk5'],[1.0],,,,,,,,,
537,Ric4,2023-07-05,['feeddesk5'],[1.0],,,,,,,,,
538,Ric4,2023-07-06,['feeddesk5'],[1.0],,,,,,,,,
539,bing1,2023-07-13,['feeddesk10'],[1.0],,,,,,,,,
540,bing1,2023-07-14,['feeddesk10'],[1.0],,,,,,,,,
541,bing1,2023-07-17,['feeddesk10'],[1.0],,,,,,,,,
542,bing1,2023-07-18,['feeddesk10'],[1.0],,,,,,,,,
543,bing1,2023-07-19,['feeddesk10'],[1.0],,,,,,,,,
544,bing1,2023-07-20,['feeddesk10'],[1.0],,,,,,,,,
545,bing1,2023-07-21,['feeddesk10'],[1.0],,,,,,,,,
546,bing1,2023-07-22,['feeddesk10'],[1.0],,,,,,,,,
547,bing2,2023-07-13,['feeddesk11'],[1.0],,,,,,,,,
548,bing2,2023-07-14,['feeddesk11'],[1.0],,,,,,,,,
549,bing2,2023-07-16,['feeddesk11'],[1.0],,,,,,,,,
550,bing2,2023-07-18,['feeddesk11'],[1.0],,,,,,,,,
551,bing2,2023-07-19,['feeddesk11'],[1.0],,,,,,,,,
552,bing2,2023-07-20,['feeddesk11'],[1.0],,,,,,,,,
553,bing2,2023-07-21,['feeddesk11'],[1.0],,,,,,,,,
554,bing2,2023-07-22,['feeddesk11'],[1.0],,,,,,,,,
555,il1,2023-07-01,['fd703'],[1.0],IL,k=277,9137.0,1554.0,88.0,5.662805662805663,10.534105534105535,17.007770603042573,16.37
556,il1,2023-07-02,['fd703'],[1.0],IL,k=277,6006.0,971.0,51.0,5.25231719876416,19.948506694129765,16.167166167166165,19.37
557,il1,2023-07-03,"['feeddesk1', 'fd703']","[0.41873152989315754, 0.5812684701068425]",IL,k=277,4687.0,716.0,54.0,7.5418994413407825,41.82960893854749,15.276296138254747,29.95
558,il1,2023-07-04,['feeddesk1'],[1.0],IL,k=277,1957.0,240.0,26.0,10.833333333333334,51.541666666666664,12.263668880940216,12.37
559,il1,2023-07-05,['feeddesk1'],[1.0],IL,k=277,1947.0,161.0,32.0,19.875776397515526,64.22360248447205,8.269131997945557,10.34
560,il1,2023-07-06,['feeddesk1'],[1.0],IL,k=277,3004.0,239.0,41.0,17.154811715481173,63.096234309623426,7.956058588548602,15.08
561,il1,2023-07-07,['feeddesk1'],[1.0],IL,k=277,5097.0,481.0,68.0,14.137214137214137,81.39293139293139,9.43692368059643,39.15
562,il1,2023-07-08,['feeddesk1'],[1.0],IL,k=277,4404.0,483.0,53.0,10.973084886128365,33.87163561076605,10.967302452316076,16.36
563,il1,2023-07-09,['feeddesk1'],[1.0],IL,k=277,2923.0,379.0,49.0,12.928759894459102,56.042216358839056,12.966130687649674,21.240000000000002
564,il1,2023-07-10,['feeddesk1'],[1.0],IL,k=277,906.0,91.0,14.0,15.384615384615385,44.065934065934066,10.044150110375275,4.01
565,il1,2023-07-11,['feeddesk1'],[1.0],IL,k=277,3318.0,612.0,68.0,11.11111111111111,52.27124183006536,18.44484629294756,31.99
566,il1,2023-07-12,['feeddesk1'],[1.0],IL,k=277,2695.0,294.0,47.0,15.98639455782313,74.42176870748298,10.909090909090908,21.88
567,il1,2023-07-13,['feeddesk1'],[1.0],IL,k=277,3034.0,94.0,18.0,19.148936170212767,58.297872340425535,3.0982201713909028,5.48
568,Fin5-1278(2k),2023-07-17,,,Fin,1278 ,4334.0,2154.0,212.0,9.842154131847725,27.94800371402043,49.70004614674666,60.2
569,Fin5-1278(2k),2023-07-18,,,Fin,1278 ,9502.0,3313.0,327.0,9.870208270449742,28.101418653788105,34.86634392759419,93.1
570,Fin5-1278(2k),2023-07-19,,,Fin,1278 ,6591.0,2451.0,256.0,10.444716442268462,27.702978376172993,37.18707328174784,67.9
571,Fin5-1278(2k),2023-07-20,,,Fin,1278 ,6985.0,653.0,68.0,10.413476263399694,21.43950995405819,9.348604151753758,14.0
572,Fin5-1278(2k),2023-07-21,,,Fin,1278 ,7099.0,0.0,0.0,0.0,0.0,0.0,0.0
573,Fin5-1278(2k),2023-07-22,,,Fin,1278 ,6946.0,0.0,0.0,0.0,0.0,0.0,0.0
